{"line1":{"x":0.48997544818276306,"y":8.404447396410426},"line2":{"x":0.7259400390313497,"y":8.167710441226674},"line3":{"x":0.4797161181458677,"y":8.007255393824355},"line4":{"x":0.2617053548618473,"y":8.194014547358202}}